iEnemyID	strName	strPrefabName	eGimmick	fSpeed	fChaseSpeed	fTurnRate	fHitRange	fGimmickCool	fGimmickValue	fGimmickRange	fGimmickDuration	iGimmickRefID	eFirePattern	iFireCount	fFireAngle	fFireInterval	iHp	iAttack	iGroggyMax	fStunDuration	NONE
;== 몬스터 기믹 테이블 ==	구분자는 반드시 [탭]. Engine.CCSVData가 \t 로만 쪼갠다
;0번 줄이 헤더다. 헤더보다 위에는 아무것도 넣지 말 것 — 주석도 안 된다
;헤더가 NONE인 컬럼은 Engine이 통째로 버린다 → 맨 끝 메모 칸이 그것
;첫 칸이 ; 로 시작하거나 비어 있으면 그 줄은 무시된다
;속도는 초당 셀, fHitRange / fGimmickRange 는 셀 단위
;
;eGimmick 별로 fGimmick* 4칸의 의미가 다르다. 안 쓰는 칸은 0으로 둔다
;  NONE        기믹 없음. 배회하다 플레이어가 나오면 추적만 한다
;  WEB         Cool=설치주기(초)  Value=플레이어 속도배율  Range=미사용  Duration=거미줄 지속(초)
;  PROJECTILE  Cool=발사주기(초)  Range=사거리(셀)  RefID=ProjectileInfo ID  (탄속·수명은 탄 표에 있다)
;  SPAWN       Cool=소환주기(초)  Value=소환 마리수        Range=미사용  Duration=미사용  RefID=소환할 몬스터 ID
;  GNAW        Cool=갉는 주기(초)  Value=한 번에 갉는 칸 수  Range=닿는 거리(셀)  — 플레이어 대신 가장 가까운 내 땅 가장자리로 간다 (260921)
;eFirePattern  SINGLE 한 발 / SPREAD 부채꼴(fFireAngle 전체 각도) / RING 360도 / BURST 연발(fFireInterval 간격) / SPIN 링을 쏠 때마다 fFireAngle만큼 돌린다
;iHp : 260928_더 이상 안 쓴다(그로기로 대체, 아래 iGroggyMax 참고) — 값은 남겨 뒀지만 CEnemy가 안 읽는다
;iAttack : 260923_몸 · 선 접촉 시 플레이어 HP에서 깎는 양(2-14). 탄 피해(ProjectileInfo.iDamage)와는 다른 값이다
;iGroggyMax : 260928_그로기 총량(Docs/Design_Roguelite_Rewrite.md 4장). CEnemy는 더 이상 죽지 않는다 —
;             이만큼 맞으면(Damage 호출 누적) 기절하고 그로기가 0으로 돌아간다. 기절마다 다음 요구량이 25%씩 늘어난다
;fStunDuration : 260928_기절 지속 시간(초). 몸으로 가둬 죽이는 것과는 별개 — 점령으로 가두면 그로기와 무관하게 즉시 죽는다(2-3)
;  SCARECROW  260929_허수아비 — 기믹 없음. 플레이어가 나와 있어도 쫓지 않고 배회만 한다(Cool/Value/Range/Duration 전부 0). 선에 닿으면 도화선이 붙는다(스펙 §7.1)
;---	이름	프리팹	기믹	배회속도	추적속도	선회(rad/s)	충돌반경	기믹쿨	기믹수치	기믹사거리	기믹지속	참조ID	발사패턴	발수	각도	연발간격	체력	공격력	그로기총량	기절시간	메모
101	배회자	Prefab_Enemy	NONE	5	7	5	1.2	0	0	0	0	0	SINGLE	1	0	0	3	1	3	1.5	기본. 배회하다 플레이어가 나오면 추적
102	거미	Prefab_Enemy	WEB	4.5	6	4	1.2	3.5	0.5	0	4	0	SINGLE	1	0	0	3	1	3	1.5	지나간 자리에 거미줄. 밟으면 속도 절반
103	포수	Prefab_Enemy	PROJECTILE	4	4	3	1.2	2.5	0	12	0	1	SINGLE	1	0	0	4	1	4	1.5	사거리 안의 플레이어에게 일반탄(1) 발사
104	분열체	Prefab_Enemy	SPAWN	4	5.5	4	1.2	8	2	0	0	101	SINGLE	1	0	0	5	2	5	1.5	8초마다 배회자 2마리 소환
105	갉는 자	Prefab_Enemy	GNAW	3	3.5	3	1.2	1.5	2	1.8	0	0	SINGLE	1	0	0	4	1	4	1.5	내 땅 가장자리를 1.5초마다 2칸씩 도로 빈 땅으로. 가둬서 죽일 것
106	허수아비	Prefab_Enemy	SCARECROW	4	4	4	1.2	0	0	0	0	0	SINGLE	1	0	0	3	1	3	1.5	쫓지 않고 배회만. 1스테이지에서 점유율 45%에 등장해 도화선을 학습시킨다
