iSkillID	eType	eCategory	strName	strDesc	fCoolTime	fValue	fValuePerLevel	iMaxLevel	iCostBase	iCostAdd	eStat	fStatValue	fDuration	NONE
;== 스킬 테이블 ==	구분자는 반드시 [탭]. 0번 줄이 헤더이며 그 위에는 아무것도 못 넣는다
;eType : Client_Enum.SKILL_TYPE 이름과 정확히 같아야 한다
;eCategory : ACTIVE(버튼으로 발동) / PASSIVE(장착만 해도 걸린다)
;fValue / fValuePerLevel : 액티브 전용. WARP은 이동할 칸 수. 레벨 1당 fValuePerLevel만큼 늘어난다
;fValue 뜻 : WARP=이동 칸 수 / SHIELD=무적 초 / DASH=추가 속도 비율(0.8이면 1.8배) / SLOW=감속 비율(0.55면 몬스터가 0.45배) / SEAL=쓰지 않음 / RUSH=최대 이동 칸 수
;fDuration : 효과가 이어지는 초. 즉발(WARP/SEAL/RUSH)은 0
;iCostBase / iCostAdd : 강화 비용 = iCostBase + iCostAdd * 현재레벨 (레벨 0이 기본)
;eStat / fStatValue : 패시브 전용. 장비와 같은 능력치를 올린다. 레벨 1당 fStatValue만큼
;---	type	분류	이름	설명	쿨타임	수치	레벨당수치	최대레벨	기본비용	레벨당증가	능력치	능력치수치	지속시간	메모
1	WARP	ACTIVE	점멸	진행 방향으로 순간 이동	4	6	1	3	300	250	NONE	0	0	지나가는 칸도 선으로 남는다
2	SWIFT	PASSIVE	경보	이동 속도 상승	0	0	0	3	250	200	SPEED	0.05	0	장착만 해도 걸린다
3	LUCKY	PASSIVE	행운	회피 상승	0	0	0	3	250	200	EVASION	0.04	0	
4	SHIELD	ACTIVE	보호막	잠깐 무적이 된다	14	2	0.6	3	320	260	NONE	0	0	무적 시간은 fValue
5	DASH	ACTIVE	질주	잠깐 빠르게 움직인다	10	0.8	0.2	3	300	240	NONE	0	3	0.8이면 1.8배
6	SLOW	ACTIVE	감속	몬스터가 잠깐 느려진다	12	0.55	0.1	3	340	280	NONE	0	3.5	거미줄의 반대
7	SEAL	ACTIVE	마감	그은 선을 바로 마감한다	18	0	0	1	400	0	NONE	0	0	강화 없음
8	RUSH	ACTIVE	쾌속 돌진	향한 방향으로 몬스터·맵 끝·내 땅 중 먼저 닿는 곳까지 꿰뚫는다	12	8	2	3	340	280	NONE	0	0	점멸과 같은 길(Warp)을 타되 몬스터 앞에서 선다
